SessionITPCz,SongITPCz,BirdsITPCz,SexITPCz,Perf_SessionSong,Delta_ITPCz,Theta_ITPCz,Alpha_ITPCz,Beta_ITPCz,Gamma_ITPCz
1,1,F2,2,0.0668395749288635,0.192767668254438,0.37967489327278,0.481271030721582,0.393309082571912,0.387402673076817
2,1,M2,1,0.0961182599947855,0.285188920633905,0.276845020108697,0.261810030354252,0.363639772746234,0.373542277136146
3,1,M2,1,0.265251741971263,0.35111109301316,0.463175641127235,0.566426310776848,0.543313503120065,0.401255596428394
4,1,F3,2,0.435841698970516,0.348925426678778,1.0075376068982,0.695661312571123,0.896973847430524,0.74859881149248
5,1,M1,1,0.276956324548037,0.417023787831438,0.562464035090148,0.715741065174035,0.950815249798306,0.440664685845798
6,1,F1,2,0.0249036335104157,0.221792985841822,0.350467648285774,0.339101807265423,0.343670815757137,0.318663066204356
7,1,M1,1,0.25771610864306,0.619018572833492,0.824970856628526,0.647608861784386,1.09146060031399,0.621262903020362
8,1,M2,1,0.695591480203613,0.560022140356787,3.03066796867545,4.13161808961605,4.44044228012417,2.0545573355323
9,1,M1,1,0.435521052832863,0.409482661826388,2.69243570278843,2.74848336906801,3.26962620374764,1.31524690071537
10,1,M2,1,0.661300136598508,0.854437243448639,3.41266435473766,4.01659482759152,4.55866191623452,2.32592102978922
11,1,M2,1,0.556491051910315,0.643920238950785,2.48388575607955,3.16648427386272,4.01095225084238,1.91845053585059
12,1,F1,2,0.0353126804990859,0.331496326980488,0.340518026977062,0.433682643025656,0.269545683886425,0.274253912826513
13,1,F1,2,0.150948030108313,0.486113535548231,0.919165293297525,0.635379959704565,0.895868975603482,0.61700545278676
14,1,M1,1,0.4912658282878,0.540858151622018,0.93156410265357,1.55416432646469,2.02662382671843,0.894324106780122
15,1,M2,1,0.595573949825161,0.988101154371555,4.07412957590356,3.61352490728055,4.24660721356752,1.64894616981029
16,1,F3,2,0.497062322294995,0.502874436297359,1.11155435006449,0.993929053971502,1.07803752523832,0.838886146283124
17,1,M1,1,0.553305083996086,0.456150538509414,2.90684288563866,2.6541535842964,3.46518381628067,1.23895188987954
18,1,F1,2,0.115746896375468,0.550056955011455,1.0402406920209,0.797940219935002,0.67844684157827,0.558859903638105
19,1,M3,1,0.366637316692182,0.738310966975228,1.06246862313083,2.51770931928355,4.14366430165003,1.80375648757168
20,1,M2,1,0.361185685295697,0.65609528783857,2.80345486423107,2.29235210983647,3.04916801279789,1.39351933390489
21,1,F3,2,0.380115938317034,0.597760987223076,0.83343091072775,1.11034777718772,0.981802353284951,0.978283009632245
22,1,F1,2,0.117959511737027,0.213387676173018,0.276342605840352,0.28428044008066,0.404461844881218,0.411511964356625
23,1,M2,1,0.609598900545581,0.386669039444642,1.1316209549035,1.1369151280569,1.49459248357504,0.939626471983201
24,1,F1,2,0.0982356506655982,0.698501690183297,0.793689034463035,0.958197881525349,0.778572268437285,0.792061710776194
25,1,M2,1,0.250604351329573,0.202274061965567,0.492796261111914,0.630140649115966,0.772377665577077,0.440105487901603
26,1,F3,2,0.42069752072933,0.362219331625457,0.543467723250325,0.709659980027145,0.714394012607405,0.849769001845916
27,1,F1,2,0.309691991804151,0.835032926755352,1.49540610946547,1.00598281318893,1.32595417575457,0.959995175094585
28,1,M3,1,0.466666187784127,0.690404192389568,1.44473133559214,1.38973915036601,2.57955281937359,1.4565018646334
29,1,M2,1,0.352632611420746,0.200308413361921,0.638871863326091,1.07964903486192,2.06904764990649,0.79475066614737
30,1,F3,2,0.378826488235951,0.456013532853437,0.543243741023628,0.484436050736698,0.625255721971368,0.948090015740105
32,1,F1,2,0.216734071511623,1.42930926220881,1.02200019763608,0.993895185940658,0.912761229881465,0.762465695760821
33,1,M3,1,0.399406983903695,0.653411318322973,1.51456839119476,1.83424710210748,2.38977487386245,1.43525508676767
34,1,M2,1,0.213958442426684,0.229664332844234,0.384474579051014,0.543935104881882,0.868588542453123,0.384202498308215
35,1,M2,1,0.14209135426274,0.436910294990271,0.366984495374862,0.277979755759361,0.251490840344332,0.30175197197554
36,1,F3,2,0.0580200828033896,1.22183565462492,0.545049171920774,0.743217065130238,1.39358819791812,0.939508603606525
37,1,F1,2,0.244786257724935,0.177469576458279,0.310171974363454,0.289130173008794,0.396875665020623,0.923305282039172
38,1,M3,1,0.352148274763498,1.59086361581442,3.75861007279064,1.84447097038196,2.37161270437281,2.53684040072617
39,1,M1,1,0.402715584934394,1.79671491931642,2.06718418958756,1.64565073200105,1.92547811654582,1.17325063661607
40,1,F1,2,0.201444276643605,0.88654572994699,1.03072278812845,0.73231636053571,0.638460436594025,0.640101342836899
41,1,M2,1,0.0482037218832389,0.541516857310628,0.470046547603826,0.389023960640954,0.382651325416286,0.401773835305419
42,1,F2,2,0.386293099215348,0.659445986083623,4.68510181554896,4.90547165442291,5.06376228066968,1.61724691248623
43,1,F1,2,0.221754489093407,0.338485478786397,1.29014370805997,0.79340413748613,0.851951346491891,0.638303524458163
44,1,M1,1,0.360066451121291,1.48175223845302,1.00545141008268,0.951556728409159,0.882688943109358,0.720219456006946
45,1,F2,2,0.0687668314885156,0.752169343198024,1.93448451007,1.36695707662143,1.84451526343538,1.17368687138184
46,1,M4,1,0.492013552592407,1.13109056716778,5.25399963701724,6.3328582955579,9.59232111291293,4.53886261538746
47,1,M4,1,0.380913414601782,0.547234073106675,1.02582704199706,2.1474459037269,4.86575717703754,2.289612659849
48,1,M4,1,0.472740473349918,1.27981698676953,1.45744864081083,1.78708925761991,3.89164125275078,1.90152675285731
49,1,M4,1,0.326306855056583,0.699224365318252,1.62767231497097,1.72200626274884,3.4797733216376,1.78838067408014
50,1,M4,1,0.324156464121863,0.51805528040729,0.947676636086648,0.54252853300121,0.978548029866183,0.449859044626746
51,1,M4,1,0.217052793752768,0.891329517390339,0.552146509613711,0.419382236892749,0.43439087157826,0.349769853601575
1,2,F2,2,0.0308541076833989,0.518639808144978,0.596565674161616,0.475993589536488,0.625653992711654,0.558618239316507
2,2,M2,1,0.0636791900153107,0.283167240190206,0.306019729880723,0.482073120912202,0.348475791684466,0.475704378175933
3,2,M2,1,0.158686468947924,0.308623671471954,0.324264182416131,0.440362165143332,0.487795616360087,0.407609377018722
4,2,F3,2,0.383581959023037,0.263622858525774,0.372445160547327,0.642180113096566,0.751162863746712,0.71285463981869
5,2,M1,1,0.202102803946892,0.417260782581783,0.554290539836089,0.500648585975167,0.970879895730832,0.521684649341132
6,2,F1,2,0.00438147535665873,0.32639640180052,0.431433222590725,0.474914578153708,0.290683493861523,0.30878636380698
7,2,M1,1,0.260933987973778,0.39645639482867,0.834752954000354,0.7415636265776,1.01926898254557,0.483917925539314
8,2,M2,1,0.578080251079533,0.55656343970473,2.51538827847485,3.01836012625112,3.38358870985028,1.94868630613632
9,2,M1,1,0.395847047190023,0.731497128954282,2.00689229143369,1.46000452818254,2.40166354685341,0.835338328450412
10,2,M2,1,0.672926284780483,0.444425624832542,1.95872284817545,2.66282383207701,2.78851181560717,1.91375986691272
11,2,M2,1,0.56110644462391,0.633967210418803,1.5075315229189,2.50981171193025,2.40456055160672,1.53979122904353
12,2,F1,2,0.0279792554519775,0.333650149223955,0.334951605642847,0.306330500518998,0.234273633401754,0.225950059060077
13,2,F1,2,0.0677716741147066,0.545083562329185,0.650622596055093,0.621066147837884,0.648162691156648,0.590014367679784
14,2,M1,1,0.373987319039759,0.634945209477197,0.996892809645505,2.07926371009169,2.89072250676793,1.40452396684384
15,2,M2,1,0.475519515077337,0.771996753067312,1.99143061480486,2.85389912582365,3.27948725696461,1.4584016265784
16,2,F3,2,0.383977743404047,0.512787245721974,0.629201948643656,1.31083990006286,1.50488644918013,0.9157145336183
17,2,M1,1,0.438077325810737,0.736391117989983,1.88753656374678,1.51139822715109,2.90020222373836,1.08365665030537
18,2,F1,2,0.174193836508359,0.370537736672629,0.905363910357831,1.12409684066793,0.909420845329198,0.562843368749889
19,2,M3,1,0.356409266161631,0.241252256075545,0.873219249289181,1.96112875663786,4.53623442070728,1.7436835116842
20,2,M2,1,0.421098318488333,0.665638978091271,1.44016742858568,1.84230283232629,2.50877233437433,1.28548015198699
21,2,F3,2,0.302763567920595,0.493145577099378,0.422963509525589,0.759023701376095,0.763281191534517,1.1467111681379
22,2,F1,2,0.0764396177385482,0.612548991934165,0.966876173376069,0.447659351585647,0.518592369995214,0.566573509363031
23,2,M2,1,0.37385363502126,0.375544601392806,1.46836079700764,2.49116903013326,2.47657515815168,1.19684637590219
24,2,F1,2,0.181615619416401,0.667476678348683,1.02006538631548,1.08745555539951,0.812549448974988,0.731224891617143
25,2,M2,1,0.252152125128655,0.424293921577936,0.455457970140353,0.467244795527408,0.420338009996089,0.3734717756462
26,2,F3,2,0.267267711941277,1.38846476211696,1.78468740371325,0.797541817762189,0.773963712784711,0.795996229133217
27,2,F1,2,0.354828278990546,1.00974974574519,1.3018314350158,1.37389908706566,1.10742652831053,1.02610356617372
28,2,M3,1,0.54416257869271,0.625225997342913,1.14768667149041,1.25388969813305,2.35009799124441,1.33438085077803
29,2,M2,1,0.303567280839,0.34900112729039,0.342782850479567,0.801787398976789,1.21207009701115,0.565475745456889
30,2,F3,2,0.279593003983572,0.38522946691414,0.818442068918613,0.673351350454159,0.61838887760666,0.874618159872467
31,2,M1,1,0.187066974595843,0.821519978074691,1.07555414135834,0.918006931181812,1.00478864266567,0.834414903291666
32,2,F1,2,0.30473031726169,0.532371874447566,0.646925919569996,0.815958715320249,1.10305089033454,0.714514510193475
33,2,M3,1,0.38961276707549,1.40667322501227,1.22552918355178,2.53529948869316,2.51850643827582,1.56150963503895
34,2,M2,1,0.2268709224042,0.325444863080585,0.485768939435847,0.822894833817469,0.805023909751814,0.412675130542089
35,2,M2,1,0.0758197818249842,0.424643365642016,0.437394103243368,0.364279634535687,0.280993079014848,0.349236908538046
36,2,F3,2,0.0828052163406511,1.40281231130009,1.25021665666807,1.81751746684425,1.88334130837941,1.41065334575722
37,2,F1,2,0.165872813704356,0.610990866550576,0.464198034518474,0.373718948421282,0.570238540787996,0.55698276759313
38,2,M3,1,0.453907119203372,0.94379441111489,1.38358898618809,0.974205894811159,2.92035253808817,2.24815444574854
39,2,M1,1,0.52276355360059,2.70190187100715,3.54400567199416,2.15828271561112,2.17084982325245,1.97152819000659
40,2,F1,2,0.0496842959172433,0.556363180331059,0.842137952175098,0.534519345226116,0.53684362483494,0.476283184269532
41,2,M2,1,0.04620731869491,0.230114391599637,0.222297932727625,0.337945687802468,0.36170475346745,0.394809905542622
42,2,F2,2,0.37464589286069,1.07718716172235,5.4962650035239,6.00486164025301,4.53077343260372,1.675664142185
43,2,F1,2,0.23622273769239,0.834940821126907,1.07298336267,1.16037450262237,1.03582533184173,0.822306519835858
44,2,M1,1,0.280280963023352,1.2789258869581,1.45111533442962,0.950718512042913,1.40218579872863,0.729284967770783
45,2,F2,2,0.153466484633866,1.7106320656128,2.11291405309968,2.15325010521038,2.41141461971885,1.61104359578047
46,2,M4,1,0.467374647043691,1.13104021491275,2.6615656513054,5.73375821790488,6.68065930679873,3.20627693913356
47,2,M4,1,0.414601762076061,0.36334808811061,1.56616043851195,2.39024463592869,3.74335487248588,2.30850238467856
48,2,M4,1,0.327185761535891,1.31541333343968,1.20332405108898,1.63176348548427,2.66308287464672,1.1865687931987
49,2,M4,1,0.450061311261829,0.631891503413136,0.754284695430966,1.23083595561668,2.76724110618392,1.49897659994117
50,2,M4,1,0.319609303390368,0.54296940836748,0.70216221222424,0.664383315538202,1.15280885531418,0.39478528764361
51,2,M4,1,0.243926805867879,0.876835628570308,0.722332111336114,0.267373500317268,0.405580402811592,0.347284477440198
1,3,F2,2,0.0803902987552267,0.410654275426086,0.420389517171188,0.637049346140379,0.616515373687731,0.529096810929521
2,3,M2,1,0.156752177787736,0.228892105754278,0.421687756238343,0.486295811428251,0.358295509656314,0.427994203867408
3,3,M2,1,0.187009533681312,0.307926876821511,0.63841095956928,0.442822455748274,0.525791052845097,0.460598272461356
4,3,F3,2,0.410338931074261,0.202200022402663,0.922274176008,0.559371696150621,0.556517324663675,0.68575217568027
5,3,M1,1,0.261584072846519,0.845448476201304,0.959170020818906,0.462787194044233,0.616747963152242,0.436267051495197
6,3,F1,2,0.023747281636474,0.318493787753556,0.34354696443323,0.296856716230812,0.238864228541451,0.259634215333616
7,3,M1,1,0.260111247744074,0.275719081006137,0.660848088993584,0.760417035873032,0.752104991197828,0.438214198702401
8,3,M2,1,0.641626216172476,0.546623884436953,1.54115964537967,3.21602123669183,4.01648264450766,2.740572762851
9,3,M1,1,0.349727240503705,0.78936668125752,1.63698006066143,1.07515190395063,2.26641634708898,0.693887065499147
10,3,M2,1,0.601134717944951,0.73329789061042,1.9478600593801,2.98446585588711,3.91714139493593,2.10468494352865
11,3,M2,1,0.640460099655054,0.398700600041088,1.19282825923504,2.49985853130712,2.61934700587705,1.48736331364527
12,3,F1,2,0.0288003500934321,0.394096113456764,0.399860878867981,0.463137935433484,0.310166046747116,0.311397126717796
13,3,F1,2,0.119335612901755,0.430366926805647,0.645135415382558,0.618505844823145,0.634006874531458,0.525255219628841
14,3,M1,1,0.447214342995179,0.364955377182512,1.58217939383854,1.20678185683862,2.00610675466628,1.02064829699383
15,3,M2,1,0.555029041918323,0.536109957312988,1.57245835555478,2.80923113522434,2.63974071047718,1.54649421953858
16,3,F3,2,0.371269085679252,0.519351734081888,0.589916739847394,1.1034905842572,1.20646014171943,0.756175657652936
17,3,M1,1,0.464356784644302,0.491567101572737,2.68145225446942,2.39073013785695,2.65249770708806,0.961696334937892
18,3,F1,2,0.140653826555568,0.195158550714011,0.497169283250176,0.672552323772323,0.84817539064767,0.612882886403423
19,3,M3,1,0.465459936656197,0.306452027567752,0.699639811020071,2.80986129137235,2.82399173502403,1.26264782290632
20,3,M2,1,0.639539693288773,0.409165836879179,0.981473453745569,1.98165972835407,2.22653670135936,0.823076854112406
21,3,F3,2,0.458013580132531,0.429489430764959,0.387826917397764,0.757888243677894,0.883449935407227,0.853867897826475
22,3,F1,2,0.0745072995588738,0.727293560731026,0.909008901167108,0.614574760162503,0.570708689613118,0.432441362292683
23,3,M2,1,0.445968468211112,0.688981300797925,0.734280010884211,1.72126914894312,1.93025206593873,0.936635859773979
24,3,F1,2,0.0841154042767581,1.02487074564959,0.953595127254596,0.87854206112584,0.840168109404656,0.928161555742141
25,3,M2,1,-0.0195986934204388,0.427348360243206,0.252676235378678,0.481889273940872,0.85718307145105,0.504158423251862
26,3,F3,2,0.182715627172828,1.02438020596905,1.03343415045655,0.943486672613685,0.882037176461941,0.966866414455586
27,3,F1,2,0.363441216787539,0.614736467614028,0.750249290405517,0.921531248139399,1.26342477107415,0.906146946073906
28,3,M3,1,0.521094361892499,0.55190026249246,1.07441761587461,1.5082696094015,1.98800178575261,1.00961132510424
29,3,M2,1,0.288892000680133,0.205547639523125,0.536290865745995,1.03132754052898,2.04376587391871,0.733998880081819
30,3,F3,2,0.368534546872561,0.598851879419543,0.565578974479209,0.32023275239087,0.462952394305306,1.01713963887392
31,3,M1,1,0.2577340193195,2.42742591897645,2.82141348980769,2.34266589682237,1.70127854949493,1.06932029031447
32,3,F1,2,0.251511259053111,1.59401961892065,1.1663183201897,1.12605717253689,0.96241749122768,0.699594715467132
33,3,M3,1,0.30893351188051,0.808644741600053,1.34383557759573,1.49005698889823,2.13111424432876,1.28389926450979
34,3,M2,1,0.231068668664398,0.26513230302248,0.42109176041249,0.49987648313714,0.670653420783408,0.368317783637763
35,3,M2,1,0.102955234279454,0.367742696061837,0.262218592138751,0.233198397015266,0.235227578448984,0.327383145364016
36,3,F3,2,0.0865688380681215,0.953403219371571,0.616480817575373,0.669555913576575,0.862825488393798,0.999174777332392
37,3,F1,2,0.230253092664382,0.230942596827425,0.369719273792428,0.466294925719365,0.687287955752974,0.725763369345753
38,3,M3,1,0.386442552703512,0.507895609245374,0.645643026875182,1.3176415270968,1.68718699857275,1.59221171783682
39,3,M1,1,0.525553177928575,1.41196069698774,1.1135604769198,1.39942612190725,2.1067663787565,1.24456482404896
40,3,F1,2,0.150052007560846,1.98282468753668,1.98671386508492,1.84651638305756,1.5015478307303,1.31129852731441
41,3,M2,1,0.0683950241377455,0.305254947310326,0.30206636647029,0.22991386408252,0.288752139175242,0.337850901890358
42,3,F2,2,0.297611936161402,0.78439018033613,8.3247621411613,5.99085608000339,4.86436261203195,1.49286203624718
43,3,F1,2,0.157193584889962,1.19538112377303,2.12271148748334,1.21164628843325,1.34297035502249,0.582476248195972
44,3,M1,1,0.376688465164564,0.661224049915836,0.945717130602354,0.562190002200365,0.71900547370561,0.521282303855199
45,3,F2,2,0.0790736464999825,1.65047947018991,2.45983384118701,2.00261707476637,2.5004167215165,1.47918539079571
46,3,M4,1,0.441463769542638,1.18190345936111,2.03947426528755,4.89469876444592,6.41909639101033,2.73567462410921
47,3,M4,1,0.405142007499087,0.556774346948087,1.41562272272651,2.35141653421975,4.8274993144172,2.07882101186483
48,3,M4,1,0.550037297063475,0.808212028691415,0.590619801499452,1.1846123988263,1.96999543965997,1.10732294326992
49,3,M4,1,0.360582091765398,0.674277461278588,0.487878776688403,0.965575905971007,1.84154839681827,0.895157818638062
50,3,M4,1,0.196786822003663,0.535389690114696,0.898762221486408,0.750582954123509,0.746259721919892,0.424187260668097
51,3,M4,1,0.286127348167515,0.495382120060612,0.405058686995342,0.496704566951103,0.430301503635066,0.378696976227894
1,4,F2,2,0.0871038875905413,0.410361713418368,0.57628497591421,0.650186438033997,0.461143707742113,0.477667883878761
2,4,M2,1,0.0660722450845906,0.288562163572344,0.25572313425641,0.323273367180723,0.287874248836888,0.360470660256636
3,4,M2,1,0.264970266393241,0.256095404878458,0.356250330436021,0.348155115331805,0.642378418705695,0.401809208472658
4,4,F3,2,0.24443821470504,0.635432199485746,0.711870717681398,0.74181347325732,0.783897653988715,0.876991412393541
5,4,M1,1,0.209545083295973,0.62077444426656,1.20173536889692,0.462093871090287,1.25952677980757,0.549182036222582
6,4,F1,2,0.00594831806359413,0.318043177379622,0.278836773906572,0.262727549541516,0.229147648822473,0.269713932509013
7,4,M1,1,0.265717152960162,0.281722762477413,0.578452096374042,0.618644374390493,0.907066518102023,0.447897130221189
8,4,M2,1,0.549142563443679,0.844262043362801,2.28210682642342,3.63322891737793,3.68500288742224,2.13359775781293
9,4,M1,1,0.400405923591288,0.285930697135845,2.80124926302263,1.94237678600403,3.69553171262494,1.04044007131721
10,4,M2,1,0.728862136038397,0.840239190332393,1.84752723779961,2.91242845246297,3.64511001262346,1.73922909817797
11,4,M2,1,0.51143457417465,0.581654022504446,1.1280509836449,2.71973343821112,2.63635431939445,1.92779563210039
12,4,F1,2,0.026119340669409,0.414835639662658,0.243092390746891,0.337469571147235,0.375662330699705,0.283882758228215
13,4,F1,2,0.0967201648005245,0.587400499219924,0.860920075525847,0.703500043849273,0.581429347304017,0.644695976148534
14,4,M1,1,0.298029794203254,0.452348825855012,1.09608527254645,2.13478669824336,3.05496181837135,1.05583716533657
15,4,M2,1,0.512082678131134,0.618622422976415,1.80891626282772,3.70117991886872,3.40558762120877,1.5654337132385
16,4,F3,2,0.4665047036576,0.511657047934403,0.926955265330732,0.985494349616437,1.66809215626231,0.713834997482955
17,4,M1,1,0.440103048171197,0.805652353886532,2.34249634463882,2.36256524749736,3.75557988975621,1.46798404360607
18,4,F1,2,0.125973290799061,0.503792498359579,1.16307172216185,1.74752675196321,1.06802051092124,0.684229318692767
19,4,M3,1,0.417588164878281,0.507141783193761,0.903692279584454,2.60369205428228,3.81173104573904,1.32642844742651
20,4,M2,1,0.347802723012834,0.32419994159543,1.99491904392293,4.25445743477845,3.49047980495304,1.53905569707951
21,4,F3,2,0.418744750153867,0.348290978106478,0.282630703610071,0.545359468789598,0.904794220276,0.801482370197088
22,4,F1,2,0.118168156846793,0.417723539959125,0.439103899744367,0.337833120687873,0.343777084432593,0.405937252801894
23,4,M2,1,0.585179026375031,0.75571583109096,1.98484040481288,4.15746154822243,3.40321852212719,1.18176431112906
24,4,F1,2,0.281082354352823,1.21028096428207,0.847951506118083,0.576578023986436,0.86908845127548,0.952581586949886
25,4,M2,1,0.11521589057041,1.32313245310879,0.84574393655877,2.05446739984076,1.64188514934246,0.567334666868242
26,4,F3,2,0.234337505659287,1.52442959375828,1.47025009880747,0.91077367552182,0.769707250866095,0.99164238043879
27,4,F1,2,0.28712309551444,1.28551541821868,0.851136743087837,1.13965031214417,1.34351128688724,0.950612527304796
28,4,M3,1,0.416295427740742,0.398139220775814,0.949343231549017,2.96920783024665,2.41960120774477,1.20139294351143
29,4,M2,1,0.298622045793261,0.228080380529603,0.516682537459807,0.715262822418905,1.23243847911811,0.578317727955557
30,4,F3,2,0.300624365540404,0.362756846135155,0.481659045845605,0.384748549259181,0.51065992761385,0.873884946033581
31,4,M1,1,0.337300642704118,1.59923842484139,1.50694304962195,1.0541210025683,0.836123296159161,0.88030849544087
32,4,F1,2,0.261339703182683,1.01476167991416,1.10764387335724,1.64792490544149,0.976428741507936,0.771688012344666
33,4,M3,1,0.330237053734338,0.613773575339746,1.31078556720745,1.56072722330247,3.02157377502013,1.18483071095822
34,4,M2,1,0.200713112809758,0.481316241121631,0.32770338902148,0.419443123623908,0.622052495353459,0.386449182123071
35,4,M2,1,0.0617256128958794,0.315818410563801,0.250498143417343,0.220225042146383,0.29654902216619,0.332395840843301
36,4,F3,2,0.0377310109921316,0.501982405302588,0.829704822417955,0.724041275992912,0.800365677239529,0.931986055319952
37,4,F1,2,0.251031509054227,0.434643899019847,0.551448176789723,0.41162383145084,0.567299430087606,0.519904034722405
38,4,M3,1,0.366533516414252,1.26972719376714,1.7948830768715,1.89279054032236,2.57428784696375,2.35029277903008
39,4,M1,1,0.516143268570616,1.31450450078258,2.39499121157313,1.11159138976783,3.19241054388678,1.69129352389542
40,4,F1,2,0.087534105588895,0.636738439201789,0.704238527877603,0.541811084062992,0.463504238727692,0.50590246391621
41,4,M2,1,0.0704267309829289,0.415022783855233,0.41161005492255,0.32736686244585,0.285691790290587,0.396522516961652
42,4,F2,2,0.290773998839662,0.348449708141295,3.25344729067114,4.49797448738053,4.83631824529836,2.18573697729453
43,4,F1,2,0.160090222373686,0.609457619065686,0.807740933994721,0.86715155204978,1.01905713838574,0.592564561731429
44,4,M1,1,0.327477473773836,1.29448038184054,1.78697902592378,1.13131436488637,1.28523083084629,0.890628431185821
45,4,F2,2,-0.0121877726612511,1.10135885257549,0.955392815777781,1.06455158130259,1.71541314330661,0.85555249074248
46,4,M4,1,0.592828245685066,1.66281105644567,5.3112146177566,8.18668606738581,10.3609436863899,4.26065521118302
47,4,M4,1,0.503287883172444,0.345345153342245,0.658650898304789,1.54648579593258,2.49526022937557,1.35547809879657
48,4,M4,1,0.448371113269151,1.70621630657802,1.06813721993799,2.15530633166962,3.58933847628993,1.58508785632703
49,4,M4,1,0.418381932499587,0.814818736224875,1.04751158766893,1.69318981134911,2.25257167261109,1.09893894637418
50,4,M4,1,0.311905605760474,0.815100498199215,0.488280170439243,0.504412652060813,1.08902161099189,0.387240437730006
51,4,M4,1,0.226252477097296,0.486395441958022,0.693901616028934,0.255982457931953,0.501461844106712,0.360549002950784
1,5,F2,2,0.0945202637707538,0.39077194912706,0.32284335671787,0.392656646381069,0.440111539205171,0.400230685523625
2,5,M2,1,0.0700060569704664,0.298199743886515,0.359812437149159,0.381973069288188,0.360731367183462,0.37270057343139
3,5,M2,1,0.247426130612946,0.181730933798479,0.390644085576784,0.499257382819494,0.696483304252105,0.413937578934868
4,5,F3,2,0.352120173181471,0.493272713177155,0.89931483545806,0.910599248012794,0.614178296556314,0.605271585180341
5,5,M1,1,0.234392627087561,0.652244600240755,1.30396915541175,0.820621643570564,1.13892027795827,0.454005238837649
6,5,F1,2,0.0171521530411206,0.587000295714838,1.27711207840289,0.505770053473211,0.366098392320015,0.322612760340098
7,5,M1,1,0.196659938877303,0.41330173645435,1.11075750936465,0.879374222482425,1.10624549284707,0.508891826175303
8,5,M2,1,0.694107939115331,0.825070739498092,3.33836237035146,2.97145797661422,3.10067457792058,1.81690832256815
9,5,M1,1,0.334446929152061,0.402331908689648,4.47236256824154,2.43243550746793,3.90916959965265,1.05755019131823
10,5,M2,1,0.710911317882204,0.644001188324753,2.94295531429705,2.7225037763541,3.0797150648769,1.75598002635757
11,5,M2,1,0.644065680524343,0.903114395164923,2.72820468169108,2.97450414888757,2.95367272455077,1.72882297779766
12,5,F1,2,-0.00496467418556912,0.297862628571845,0.25894552082737,0.456415016216469,0.3276269040369,0.312426725454859
13,5,F1,2,0.0658241916292413,0.522589285116181,0.808862299968875,0.660729459655714,0.725975653286007,0.641784991066095
14,5,M1,1,0.434490468335134,0.417277726186876,2.15145396554532,2.4697802258601,3.55507009977237,1.68077273059833
15,5,M2,1,0.529846256624883,0.440219655770684,2.95238582720698,3.44253674791223,2.80809318160801,1.56328167211596
16,5,F3,2,0.421623129980266,0.24740219767706,0.765414560309819,1.1214336490301,1.14291621215293,0.807795762185882
17,5,M1,1,0.532250654276463,1.71400183616985,4.55403175829658,4.07570824822695,4.71166615345604,1.9253109852336
18,5,F1,2,0.198981163066254,0.485785503063712,1.22785247837337,1.0781655438545,0.756716564872081,0.704906281487376
19,5,M3,1,0.552527235184476,0.421929100562833,1.6680247868469,1.97034516765243,2.95793653415967,1.32125930170145
20,5,M2,1,0.349109887359931,0.630331747573952,2.58023127596155,3.38094201593445,3.06431194279043,1.53708339720259
21,5,F3,2,0.471761271305224,1.13607129741014,0.801521550915887,0.954071382092403,1.0655185927519,0.94759750193649
22,5,F1,2,0.148415719293724,0.544494121484477,0.670385277889375,0.504392491628523,0.547768807722976,0.490284411148448
23,5,M2,1,0.416562604182032,0.608424057641705,2.63399620187786,2.25120744255027,2.58776568146047,1.11783714381061
24,5,F1,2,0.163985710688845,0.747297276889734,0.822298456964821,0.759407504062518,0.822706094442104,0.805188418624421
25,5,M2,1,0.316526594926544,0.397658332092085,1.53710664614036,1.284748951203,1.53892273441807,0.545875127712536
26,5,F3,2,0.281039971743241,1.16280835070302,0.705325405566841,0.427357981015921,0.523125008737464,0.624697346106912
27,5,F1,2,0.227310794278177,0.786839229958697,1.21964913123671,1.12166027922933,0.898128510047204,0.898424872181909
28,5,M3,1,0.534596137887167,0.355781496549892,1.15300624550071,1.50424946915307,1.53516522088739,0.837663650681246
29,5,M2,1,0.270982746864617,0.611361196686014,0.472757627776862,0.711782748864251,1.15667267415745,0.744799453556512
30,5,F3,2,0.267401483042277,0.242705211447703,0.482045268656949,0.41006316642116,0.579970259948689,0.732813980623268
31,5,M1,1,0.114513981358189,2.23140913037603,1.14642191800483,0.802075503336731,0.664519927784746,0.59480672276576
32,5,F1,2,0.258118806083211,1.08004929716762,1.39989014530495,0.952828196704446,1.1314776286416,0.717493867323079
33,5,M3,1,0.274778215117597,1.29218144318438,1.3911974085784,1.26416662697207,1.68446801132095,1.45558667153785
34,5,M2,1,0.283311832192692,0.506525999414479,0.406213963152078,0.561188002644739,0.529993222719399,0.423403242873863
35,5,M2,1,0.134635282633059,0.379397751802661,0.229174766366619,0.275737319503268,0.3221343033936,0.317608231403983
36,5,F3,2,0.082353689441849,0.636595317963999,0.691408605758849,0.740609049806802,1.29571140169282,0.916599074887282
37,5,F1,2,0.124351172019606,0.347035348752059,0.325780181003303,0.373490902853883,0.516701885635368,1.5539251695928
38,5,M3,1,0.340309276096361,2.00093138648994,2.0980185534794,3.09960946730514,2.44284638406076,2.61006616959055
39,5,M1,1,0.515651522569567,3.39638497184039,4.86228714008438,4.2446053714834,3.01319371159182,2.1621442034944
40,5,F1,2,0.0853877307511119,0.373175847028772,0.533782028158537,0.379034583096764,0.594257544686022,0.460509694786752
41,5,M2,1,0.0739791680314649,0.332968511340515,0.292749195218006,0.306313919224825,0.358885817229332,0.476826129898446
42,5,F2,2,0.283963670081085,1.12685446167457,6.69167951322071,4.91117777988893,4.24552212412818,1.61950671162241
43,5,F1,2,0.27183828093422,0.904180382214522,1.36064743395022,1.30284576754705,1.09031280110461,0.895465298576752
44,5,M1,1,0.29595606159783,0.834978027801721,1.18522293855812,0.952650938208718,1.33817067328854,0.697885544994245
45,5,F2,2,0.209280899338167,1.05403602792122,2.73072838102487,1.58903187248472,1.61233778271788,1.02427607859924
46,5,M4,1,0.549476940558366,1.85765642686081,7.36664844980678,6.62234278471042,8.66609062556095,3.92919520244618
47,5,M4,1,0.517309998132679,0.40811031353837,1.73723105645673,2.97451938376509,3.43888984675156,2.64379650432246
48,5,M4,1,0.369267447027232,1.24519981820152,1.62142898289917,1.57013649489049,2.84706457034123,1.30824242107399
49,5,M4,1,0.320066041173025,1.68442197486132,1.58994459323944,1.26993485567163,2.5519255628164,1.19450560177128
50,5,M4,1,0.33996935659018,0.321055610026496,0.629448844338759,0.450141621289814,0.932192948816381,0.423451467257424
51,5,M4,1,0.16783104869661,0.444908483472584,0.569627853288534,0.543099899628422,0.455205227637308,0.407774158844919
1,6,F2,2,0.0786577133181345,0.256243371048185,0.248503551462216,0.400468008306706,0.457212661639746,0.416936739125138
2,6,M2,1,0.11689800626027,0.331196405396695,0.302313731663981,0.337440663429747,0.313246517093126,0.403311918823539
3,6,M2,1,0.221342557224216,0.257081116505179,0.343801996705385,0.658784317310399,0.466825875699978,0.519224371728753
4,6,F3,2,0.304908004592622,0.478858432171277,0.733923410201645,0.6169527657449,0.751090165077872,0.728420091602632
5,6,M1,1,0.211454156143661,0.496645155391672,0.594961048972894,0.46976300517868,0.847521654738637,0.546631991094982
6,6,F1,2,0.00959204335732194,0.366136535486715,0.270765287868617,0.392630605332206,0.276724825770509,0.249020586249359
7,6,M1,1,0.277860861893488,0.558625452390925,0.863193017895983,0.995470852517425,0.90026109475945,0.504562496359954
8,6,M2,1,0.673518230446714,0.85734328665808,2.52275271124815,4.55245602203206,3.43101586359648,2.29915140878716
9,6,M1,1,0.372298207722491,0.666161328338768,2.32931055374546,2.77075735424619,2.64296574073041,1.08250179506815
10,6,M2,1,0.711883194675808,1.18332009603463,2.93059129677174,4.76047739171729,3.56276704663084,2.47159594613233
11,6,M2,1,0.585846531544897,1.06732196828453,2.08048919271865,3.17528473634808,2.40450950022007,1.90337617894256
12,6,F1,2,0.0778599102168576,0.418148600901905,0.251123486424217,0.302285022656971,0.326368807390302,0.273592629166119
13,6,F1,2,0.0960381630148837,0.335973097732568,0.760153687135723,0.60211647913582,0.77575610472577,0.528297661523594
14,6,M1,1,0.425964031361187,0.843308313952934,1.75143298467036,2.49173260574176,3.76585390977396,1.69899281728455
15,6,M2,1,0.606188360312819,0.877965232541845,2.15001513785754,2.43446390606339,2.58347507086176,1.29250158828267
16,6,F3,2,0.433924224847479,0.400951734209619,1.11532130903351,1.31153240109408,1.58612585815195,0.988007268373985
17,6,M1,1,0.475948593397624,1.4663635301243,2.7835852100348,2.35715437300523,3.32142079643581,1.35977038339035
18,6,F1,2,0.192093612483666,0.56485268306579,0.878136842304723,1.07497401699686,0.748199272628251,0.672676806030367
19,6,M3,1,0.616617916836104,0.603806680254927,0.764726427370012,2.64249495424389,3.29224770014486,1.42314422261808
20,6,M2,1,0.362449903051106,1.11856516633405,1.66346689261934,1.79163231341131,1.85964111524938,1.02276588165214
21,6,F3,2,0.435857767702218,0.843149329119609,1.43613771041164,0.778512381349694,1.06501196510742,0.997513550405697
22,6,F1,2,0.108007264288909,0.520825350616053,0.776689590418964,0.574605281757336,0.605080720836205,0.478304543575828
23,6,M2,1,0.366631688089509,0.342772430414902,1.61557793366195,2.41219226436171,2.15840050003156,1.18540977488086
24,6,F1,2,0.165707843256349,0.772742490142266,1.16621451327222,0.615062048153593,0.752259656199269,0.799417167504829
25,6,M2,1,0.254859926133701,0.432309692077872,0.437768870923418,0.799125282092167,0.909777506231836,0.551011823440335
26,6,F3,2,0.314657409681805,0.9469219096293,0.716744857676297,0.607352420245823,0.846013176443386,0.607937602247438
27,6,F1,2,0.314428650581345,0.81720881086944,0.986940135009699,1.06540309181201,1.00240388099327,0.908604054215204
28,6,M3,1,0.548182538305911,0.578192856783544,0.957225532698974,1.41083937753141,2.3402835707488,1.24683409462848
29,6,M2,1,0.389271291743131,0.19407817775663,0.274449718047744,1.19757338904468,1.53441703892701,0.703638624296868
30,6,F3,2,0.313317230583995,0.636783638373708,0.700577373565279,0.604291991634638,0.604538426167937,0.819486601774198
31,6,M1,1,0.220571816442423,2.30760518226781,2.68255221754109,1.54921639842212,1.60233837342106,0.998754363993699
32,6,F1,2,0.251890892504931,0.777021387993101,0.521923571996298,0.938982107238654,0.779787983341133,0.656570734895129
33,6,M3,1,0.363058794554585,0.515140574350279,0.760995357690746,1.33407666571419,1.60819025315554,1.32878289052469
34,6,M2,1,0.222167093636874,0.480622327283624,0.431084840177243,0.838474993753955,0.722008983350346,0.383393465430967
35,6,M2,1,0.0475102961865772,0.594553610013002,0.338045550177465,0.285956702551157,0.305017999712536,0.315639321390359
36,6,F3,2,0.0194097319148421,0.627070194778745,0.84622618591955,0.76262516244763,0.890994355296488,1.02045219654327
37,6,F1,2,0.202096947379451,0.267937930667476,0.390287934565006,0.482921629942819,0.720053963651267,0.574046959324356
38,6,M3,1,0.302781412256722,0.924197695121257,1.69549089883235,1.59946514279193,3.18002075642264,2.38910852835633
39,6,M1,1,0.43973806376525,1.52286979982385,1.77802391889372,1.32051903761181,1.52659898547265,1.12910893591249
40,6,F1,2,0.0557105853776095,0.461954711210354,0.567970196377815,0.541845457435276,0.51568489299653,0.523973099465518
41,6,M2,1,0.040984785088174,0.26636541187013,0.283352527756544,0.354384578963061,0.355618318446392,0.390863314906159
42,6,F2,2,0.210828626951521,0.43986608436992,1.6036288452814,1.91420655476551,1.9803974168571,1.21104067851504
43,6,F1,2,0.2658609913365,0.798277143920686,1.69724827714701,1.05368726299316,0.89918396028119,0.621996252799932
44,6,M1,1,0.32982606353582,0.932112169181769,0.903188424387131,0.499095896262439,0.975548290391948,0.572078583652757
45,6,F2,2,0.257955224454692,1.09628512591626,1.99189737077635,1.38479787008724,1.35270484250066,1.12270344158756
46,6,M4,1,0.524902514519977,1.37244131323797,4.58193355806036,5.38676838533849,6.47822765692331,3.67337605755313
47,6,M4,1,0.530988972512974,0.408567983143497,1.39382325789604,1.98521975770794,3.53604590675044,2.05068794955171
48,6,M4,1,0.402493961870795,0.725375537424474,1.32836010390341,1.65733318600928,2.19123070488159,1.21962243547336
49,6,M4,1,0.457792035117083,0.465441830717238,0.99709463008467,1.08664431775529,1.72739743993834,0.956732188171041
50,6,M4,1,0.307307642538835,0.443397259585837,0.438802712632234,0.444846502457493,0.722609516024501,0.387502599569837
51,6,M4,1,0.264018847459669,0.291041257926393,0.551677045925685,0.532372694152154,0.41516421327001,0.396143781900185
1,7,F2,2,0.0724173258141187,0.325583731453391,0.444821941074575,0.408102412493848,0.40445751111578,0.499600900978183
2,7,M2,1,0.0303251328377654,0.218905520562723,0.295949587840646,0.285427174697347,0.330786067872054,0.378542026190186
3,7,M2,1,0.183934917112521,0.374326855178295,0.390419626212127,0.424679226926288,0.600732967973975,0.448922260982132
4,7,F3,2,0.385015901451005,0.609109152352647,0.694256867232168,0.4894542381051,0.846085813412738,0.686788165471069
5,7,M1,1,0.291903721983827,0.673856177151435,0.540357781578093,0.475564775299716,1.19305353728884,0.555587455883427
6,7,F1,2,0.00365878878528987,0.331479464077044,0.274599590225155,0.264311064135841,0.276122258330752,0.252189089521094
7,7,M1,1,0.224112721531922,0.453573160258199,0.522183992381665,0.507290823691567,0.917638663801272,0.472858778929313
8,7,M2,1,0.66039976563188,0.604339637868587,3.40080889835107,4.84850101323972,3.50603301891608,2.02000080651865
9,7,M1,1,0.430158048430863,0.608480281280431,2.12014406425293,1.72201744368848,3.2166870269743,0.965256980430613
10,7,M2,1,0.536988535583771,0.652686009560156,3.49387471068959,4.32470281844665,3.42542286046554,1.87725464045718
11,7,M2,1,0.358769089168149,0.547914527223455,2.28421398858557,3.64325716045606,3.37407905797569,1.54612836135695
12,7,F1,2,0.0350395122104876,0.342813747630239,0.252923917163649,0.369625228853355,0.249201684087744,0.259781055398757
13,7,F1,2,0.120541357699281,0.366152028763424,0.637326228881092,0.697129207051138,0.719705619763259,0.624724259903734
14,7,M1,1,0.378632145872626,0.485118907600546,0.692793994637486,1.00567203037053,2.59948393312306,1.11820484250266
15,7,M2,1,0.503242891330819,1.08640609968815,2.35321170803303,3.89551525957264,2.69907846404161,1.43385596923726
16,7,F3,2,0.577060999385274,0.777394273311125,1.81629875641845,1.9281904878771,1.66104491649578,1.05871860430063
17,7,M1,1,0.36037646756891,0.989256972646362,1.88877616229763,4.07911532374488,3.60317284994139,1.43446334087888
18,7,F1,2,0.265516490999279,0.647112372313347,1.29831177720693,0.912504342240702,0.766260355141459,0.63726849775926
19,7,M3,1,0.381743968469621,0.810744626959469,1.06792272212014,2.83077121005469,2.41862311982778,1.06559976971309
20,7,M2,1,0.535114294147571,0.939320654017648,1.69440839235252,2.58372280763536,2.26030860818914,0.971840985345892
21,7,F3,2,0.64656805909055,1.06019081136162,1.83017273812571,1.72936869446827,1.37504719446106,1.46944864960694
22,7,F1,2,0.217325298197276,0.410448316633375,0.652217999104715,0.681065291726326,0.493224858012105,0.504868599358976
23,7,M2,1,0.539504325273172,0.369485392725399,1.25918281632873,2.42790755298406,2.31429963354599,0.96922936699106
24,7,F1,2,0.187251364297109,1.14368748149542,1.17446304267846,0.915774454837988,0.77274547460513,0.769719095978209
25,7,M2,1,0.132081039814209,0.609858681208755,0.930933518366191,0.997592831180633,0.930232133663527,0.452949776257364
26,7,F3,2,0.131464351113918,1.49755912062458,0.757009531888587,0.465729723278824,0.629271073851809,0.695226218477431
27,7,F1,2,0.380919359221734,0.571621284962708,1.21088035806864,1.76009207909644,1.53669602017291,0.972864004725465
28,7,M3,1,0.452940523329688,0.374720938937264,0.714216001032237,2.39262900484724,2.06352443012442,0.988931944189383
29,7,M2,1,0.233906935886731,0.254158499354049,0.456104915307135,1.10967848825297,1.59336598969151,0.571730788993964
30,7,F3,2,0.283331906805727,0.581682380879501,0.687956482498477,0.478689552017987,0.549297862440107,0.850255512015099
31,7,M1,1,0.746477219351808,1.14892333327554,0.741268096078014,0.738670557046256,0.885612127977823,0.969174722537777
32,7,F1,2,0.290192743349152,0.967766090129721,1.05839087514041,1.13399974365872,1.01779304376534,0.744884064144925
33,7,M3,1,0.346989728727634,0.860193686849671,0.847513815925017,1.44422946407323,2.0138031747779,1.40896818970886
34,7,M2,1,0.150877039143844,0.507839740039191,0.307836189956285,0.45457862404022,0.722980913171566,0.370128989428554
35,7,M2,1,0.102533520952923,0.327155455254746,0.283225914419644,0.262611807114364,0.269710788205708,0.278892054059312
36,7,F3,2,0.00411444446287846,0.906495602002276,0.662631607311434,0.91976563279145,0.996077912923704,1.16579584725391
37,7,F1,2,0.133430043583025,0.304511802746237,0.341787225349998,0.487426085370484,0.553682894961108,1.05004654638009
38,7,M3,1,0.268116896614203,1.51532776627431,2.07918362505316,3.2149811051324,2.78487884422055,2.42041596393083
39,7,M1,1,0.519773354053955,2.92624638405823,2.45844104264187,2.07742180684224,2.815183974484,1.83355074247495
40,7,F1,2,0.085668611266104,0.900744335487915,1.07118014866547,1.01405792495789,0.769451146947054,0.493187416945735
41,7,M2,1,0.0394081419982413,0.368350099364556,0.286765174463566,0.311432488778514,0.267643800298892,0.377931256196534
42,7,F2,2,0.292476230254694,0.614561823602714,2.95595921114682,5.10144812001228,4.72407687797079,1.43863269570447
43,7,F1,2,0.206650011392193,0.989574850358533,2.70280117563851,2.04103745853298,1.2242940313497,0.893881046634322
44,7,M1,1,0.397652312713781,1.44362269718383,1.36389640007041,1.04097577707366,1.10975967408627,0.576304166535006
45,7,F2,2,0.0693303733673979,0.603045161201823,1.02620982237362,1.5250498873997,1.32501512039004,0.997448285973648
46,7,M4,1,0.589241206187393,1.40671531670851,5.27438344091392,7.33146042194041,6.83608710470852,2.75092180576507
47,7,M4,1,0.424932936215007,0.495869960414709,1.08734464385019,2.29006762583206,3.69287893842009,1.96401473265091
48,7,M4,1,0.355322051855312,1.12173348509001,2.14444275954836,1.60541060059996,2.75272241319824,1.17528401667397
49,7,M4,1,0.442279702883803,0.481229748484219,1.02252188296759,0.989949584970719,1.26769591176038,0.666532920130841
50,7,M4,1,0.229248558177926,0.65647587553703,0.611679886431964,0.426581010963728,0.791319669643842,0.405795202168189
51,7,M4,1,0.120343695368334,0.632138359311722,0.548493299257534,0.504022012190711,0.418390262459849,0.371142229908438
1,8,F2,2,0.0985394893985747,0.209772661462012,0.319151599452253,0.449393136719668,0.353237546581223,0.4374616219457
2,8,M2,1,0.0766060938737327,0.175452145342907,0.263433204147967,0.306122776827867,0.324863307628698,0.433046357023058
3,8,M2,1,0.213994497929282,0.292517845619908,0.667758526341807,0.403801523183351,0.572627018560812,0.451616456098858
4,8,F3,2,0.403309996588816,0.310882372407489,0.572467183759448,0.746848675076343,0.780062600064701,0.669253618415861
5,8,M1,1,0.200366872137955,0.356237665701148,0.429626453951568,0.53716712672845,0.779255336984599,0.409860741723321
6,8,F1,2,-0.0225345260865362,0.302055657431177,0.442186952440156,0.338777432301226,0.279298424789496,0.263479415745185
7,8,M1,1,0.2219299158833,0.368174298301522,0.42167901960319,0.760522066161115,0.78763850612596,0.392475890483541
8,8,M2,1,0.797342577114912,0.930559874036654,2.71349597728228,3.76691867047978,2.60811499317118,1.14512654723978
9,8,M1,1,0.326183021237114,0.521086296297693,1.93008624546776,2.90043404709919,1.87956092672579,0.800606863416112
10,8,M2,1,0.629390809133631,0.519352937476266,2.20694140311874,2.7598437580548,2.90390947039946,1.48452031808419
11,8,M2,1,0.51719015864446,0.65184712015377,2.15507184996128,3.21925501635094,3.3295484428819,1.56560151958982
12,8,F1,2,0.0297153351935025,0.209388606811857,0.289669724264466,0.236292269950621,0.252909559758849,0.252688353946626
13,8,F1,2,0.0961212213927304,0.414253462448997,0.545444256976948,0.841551471386158,0.701841568803721,0.461624987307315
14,8,M1,1,0.268462624758923,0.590655657637486,1.25244872378642,2.55996681380723,2.91738120899078,1.24855977851427
15,8,M2,1,0.422848741296595,0.940010571836008,2.95891550091751,2.64949882418136,3.02097128726679,1.10706576980256
16,8,F3,2,0.454725238276937,1.32272704743966,0.934024151906735,1.60921995662587,1.08433681126498,0.820242156832406
17,8,M1,1,0.291106229442126,0.570277578349009,1.8196015962178,2.57095008349784,2.20285254453682,1.23394847800873
18,8,F1,2,0.196719097536958,0.268673737878474,0.910174230186207,1.61623639250168,0.732427554528034,0.564973506379645
19,8,M3,1,0.481260215799965,0.58970979642573,1.31940997266717,1.92202146635069,2.76484907701032,1.20439305766524
20,8,M2,1,0.648004021020977,1.18090825442326,0.850618049210869,1.73873128835465,2.01335374952608,0.844317875862258
21,8,F3,2,0.524608946653282,0.420197893783713,0.606232483017111,0.478537315272656,0.900949281210528,0.97733471361948
22,8,F1,2,0.0969466176403287,0.365009233730795,0.434374539116566,0.502513947976221,0.492091312809355,0.515259516517849
23,8,M2,1,0.366302877371424,0.629333800049302,1.665615345389,2.38873661406149,3.66399730455853,0.867861663464259
24,8,F1,2,0.219658664806923,0.972187327719476,1.76912802381971,1.30837027121173,0.818729897778198,0.701804948462518
25,8,M2,1,0.142317035851415,0.541164435599271,0.576483493270583,1.27540499478737,1.27901760705263,0.538596632701219
26,8,F3,2,0.114410239403767,0.516170184311383,0.493259085142659,0.599824952339196,0.615108288762785,0.666392612082639
27,8,F1,2,0.405571829993198,2.42555738691898,2.91633879428953,0.805375224738888,0.819331456630368,0.780674508074634
28,8,M3,1,0.403935791745737,0.811969462931423,1.5051831548331,1.44527069942591,1.84751908832581,0.913544642604393
29,8,M2,1,0.284700330521038,0.395991569616044,0.314649449055589,1.52351460822904,1.35180456015617,0.71516362918598
30,8,F3,2,0.36312292646963,0.474562463848547,0.419777147912252,0.298117320678153,0.618911959081185,0.978536831085956
31,8,M1,1,0.235333774219268,2.35344112180235,2.47343789402162,1.51601501091236,1.27939207209538,1.14946738120045
32,8,F1,2,0.319016418461297,1.67010589443116,1.48513364427993,0.707652813958894,0.774967886565311,0.834932861792379
33,8,M3,1,0.471069909019254,0.494316211767311,1.26042618865453,2.43509426669987,2.44962738633984,1.03813722181902
34,8,M2,1,0.123856853131376,0.494316626284837,0.429396815502576,0.572085265639027,0.775288567945732,0.416727825881177
35,8,M2,1,0.135778190242777,0.291938663430856,0.194858448951423,0.35998283064681,0.29287291891964,0.292233294076093
36,8,F3,2,0.106834261098519,2.85938991407532,1.45374715076461,1.11218982415429,1.52213140459756,1.18967498854986
37,8,F1,2,0.216364086004168,0.500350092322212,0.414243001178546,0.531722522524925,0.807656851274243,0.645871243213489
38,8,M3,1,0.269681546804895,1.05660561684126,1.36286306456106,1.72475699433657,2.52271480351346,1.6913863200743
39,8,M1,1,0.312211647580975,1.45675291347235,2.82918523237241,2.07772073848404,2.10058295707497,1.28121772624902
40,8,F1,2,0.107824653370755,0.274862240774715,0.336866608455296,0.345741200772934,0.467419869086668,0.450499973380236
41,8,M2,1,0.0852753729755238,0.401929436739013,0.400203938855628,0.459566513427306,0.366508342765172,0.510471076801498
42,8,F2,2,0.287216476854063,0.660688546563247,3.61798314084943,5.61849205007138,4.68900885402104,0.953158391171815
43,8,F1,2,0.193113488948592,0.496815887022439,0.813658858131186,0.653724612915778,0.800951168506196,0.579200393208383
44,8,M1,1,0.215814331423148,1.62372529207037,0.857762504292997,0.768179793327377,0.659469344755165,0.629448078846928
45,8,F2,2,0.137363389208964,2.25593295481298,2.22556821538683,1.82621499895276,1.38791913726702,0.987792632695678
46,8,M4,1,0.473198854248853,0.882015222597787,2.80137611520336,4.93884449189908,4.13963162245886,1.98790125918088
47,8,M4,1,0.50529578969189,0.648679902295123,1.56807320648456,3.86948327465626,4.89740178865573,2.02180340930695
48,8,M4,1,0.392451419642219,0.306336298923096,0.786430402955307,1.90617213599351,1.78199102985493,0.995765911348312
49,8,M4,1,0.358082174355832,0.344517357322197,0.38816717514819,1.07520294417781,1.02504662390171,0.738215776210019
50,8,M4,1,0.29572719965671,0.562302946222462,0.551242616854697,0.589081483367285,0.537104187054739,0.351470924068209
51,8,M4,1,0.0748565422506484,0.380705615898822,0.483243650351882,0.413770203409099,0.355306159965385,0.324451666558245
1,9,F2,2,0.0783759332691885,0.386885601444442,0.384396622858441,0.544867607331288,0.488396028109704,0.455532629867455
2,9,M2,1,0.0184993102949423,0.373565708023184,0.348923157378055,0.233873942083401,0.458482100783153,0.423846031448282
3,9,M2,1,0.206677107287694,0.362143185529685,0.420071150483166,0.428315112825779,0.663820201232138,0.374021692319442
4,9,F3,2,0.449622032613466,0.480593052124317,0.485881270992798,0.611114577608968,0.878119094492921,0.693438285155329
5,9,M1,1,0.235928743038683,0.959506425933798,0.900832294381237,0.600256991732585,1.05426668364973,0.582378364947553
6,9,F1,2,0.0218548931599283,0.456475634444495,0.361318506319067,0.413719069897692,0.306761544477624,0.340008874164027
7,9,M1,1,0.23195964689806,0.410128843245911,0.697607500808857,0.778703034226233,1.11537195626483,0.687305661144656
8,9,M2,1,0.664722668238895,1.02063448622782,2.65740440345855,3.97736647142012,3.40097311676525,2.31628059747538
9,9,M1,1,0.438620022286538,0.921032035322134,1.8362796221351,1.15390513985442,2.28825385696944,0.99433288188929
10,9,M2,1,0.658073758807019,1.42706587346925,2.64927298693167,4.20232313548487,4.50170398222198,2.5064281598298
11,9,M2,1,0.518229005588729,0.783128602393642,2.04215676065111,4.07288259748494,3.03200250633161,1.84555893036488
12,9,F1,2,0.0623764516338416,0.236459223040615,0.219911121876884,0.205169394956708,0.229091600865289,0.235337652224171
13,9,F1,2,0.0779118376525792,0.253267847751054,0.632144222428257,0.725383449422656,0.740930085081278,0.594315849337667
14,9,M1,1,0.338311689060893,0.630267386347744,1.42861174952705,1.53952542363623,2.89984648302454,1.17933820455187
15,9,M2,1,0.620923417849821,1.09357324248557,1.78532418528066,2.85463745431621,2.65539261264726,1.39947148792521
16,9,F3,2,0.4620678103445,0.614350266835972,0.886385290075751,1.16449381369188,1.64011673096587,0.881100742381852
17,9,M1,1,0.505977632093296,1.10316919558337,2.98894064710193,2.43051182367985,3.11225118752993,1.58845753351102
18,9,F1,2,0.195521140113282,0.362317888211199,0.629630334175214,1.38209188951389,1.27069370357137,0.684346256528142
19,9,M3,1,0.567139606519928,0.799096063000412,1.36597846621488,2.64396210230069,3.83617327713124,1.55428815164597
20,9,M2,1,0.413508208890209,0.885383910459251,1.50982548914335,3.2903978023614,3.05778746817352,1.67348262772541
21,9,F3,2,0.305866423975921,0.501546975595792,0.433306650428295,0.972311266651588,1.33141644078096,1.18909668778078
22,9,F1,2,0.0798284405530674,0.566217724381012,0.68737155077896,0.669229658053907,0.568726760039681,0.512232463175854
23,9,M2,1,0.515285784011304,0.388326933108719,0.938659587827187,1.88798554283323,2.32050946748262,1.24218900118447
24,9,F1,2,0.134995147488414,1.04603687384742,1.3966452980408,0.926350134896122,0.84787058261845,0.974744243103488
25,9,M2,1,0.225458672214867,0.615315830736651,0.539159888183656,0.435972697782341,0.557211248672159,0.473745493481513
26,9,F3,2,0.321804806856577,0.866824575682195,0.916686643834428,0.517033888818021,0.707500536664089,0.713105291767887
27,9,F1,2,0.295853625124709,0.957931601011065,1.71123471748243,1.53964613953295,1.01868193730041,0.908845070050663
28,9,M3,1,0.476469905005031,1.20882382588958,1.32117590998582,1.79990432567653,2.42742776772227,1.29296854800171
29,9,M2,1,0.318644332715968,0.306282746818696,0.358589644801488,0.854338481098995,1.35173290138038,0.759354446516257
30,9,F3,2,0.292058285782828,0.240239007756756,0.429957984980491,0.420383773008866,0.611408712029016,0.853501338478959
31,9,M1,1,0.349066756495688,1.51528234498877,1.10085498124711,1.24774428955202,1.64034926389032,1.29166101118032
32,9,F1,2,0.194743104324466,1.43302068822787,0.799994744801775,0.753564226201343,0.868551606030967,0.724117425897657
33,9,M3,1,0.332372892564854,1.03082204128277,1.58672606436021,2.90607624613816,3.11531646967118,1.66569576267684
34,9,M2,1,0.0969775340796704,0.349087514273749,0.483477737237548,0.614495411246906,0.854333224892665,0.466073974140157
35,9,M2,1,0.0908328705739268,0.514336163140305,0.283573620877515,0.348137287419115,0.347259731193064,0.343304011218157
36,9,F3,2,0.0329991912336512,1.00419499078788,0.830153018322066,0.661716790728522,1.06200222418419,0.758277603661132
37,9,F1,2,0.223243814456362,0.705460717454233,0.497842748416518,0.437932228317918,0.761176237914442,0.732390910880074
38,9,M3,1,0.340989604835461,1.3302232681745,2.03135332642495,2.42862615664143,2.43402756984051,2.39260733417228
39,9,M1,1,0.498563545660942,4.13167273565016,4.61672138799082,3.04133376962756,2.38138194964582,1.02959638949735
40,9,F1,2,0.0987635109660274,0.389105498408873,0.26030529392772,0.423194633925691,0.482333315680018,0.454416278229214
41,9,M2,1,0.134409644046836,0.278456920703405,0.340174588932792,0.354816949493641,0.372434351079829,0.388843541562385
42,9,F2,2,0.292002117557665,1.13399942030281,2.65387589459745,3.50461953051764,4.99293946367905,2.04037449018522
43,9,F1,2,0.201552031387735,0.379026725702913,1.12187311978412,1.30690448908039,0.784193879251455,0.599266214874709
44,9,M1,1,0.393049746309822,1.5941030704692,0.788573541272359,0.693765073500191,1.29816188427595,0.857947175620802
45,9,F2,2,0.0618577226009803,1.3434625630519,2.33241832873454,1.54858536291482,1.54492654927424,1.23706049378466
46,9,M4,1,0.51576310924142,1.3300479108069,2.6189634802545,5.2378011503677,6.56894460057492,3.23618504114501
47,9,M4,1,0.47790205172322,0.400382723250877,1.04377844230532,1.67066783214224,4.06758030965012,2.3986887052095
48,9,M4,1,0.423733735347989,0.862826174290945,1.12629425439973,2.04238982539996,3.24222757632212,1.70755697424456
49,9,M4,1,0.543660879463901,0.582247235203252,0.580713352320896,0.939673781810833,2.21999464966386,1.32226652228483
50,9,M4,1,0.361753051302908,0.569510417063888,0.779562068838877,0.69123199030265,1.40226780863336,0.450026771331004
51,9,M4,1,0.195975441368374,0.689760764570721,0.677699815756935,0.439954989223809,0.405482101144887,0.389475447585243
1,10,F2,2,0.096883466046517,0.263389896267267,0.322881368783728,0.419540579588356,0.386312131995174,0.371334532766776
2,10,M2,1,0.0923232125698792,0.324362046512734,0.331594477406874,0.23912520158821,0.311390527406776,0.445989637599326
3,10,M2,1,0.183848538886761,0.377673635651103,0.539502978814418,0.545878156257408,0.743481724479877,0.333166739790749
4,10,F3,2,0.314702504544469,0.545083570839243,0.781423168959682,0.872617938612928,0.794839633947822,0.757422672930244
5,10,M1,1,0.207417495589059,0.628750469962883,0.73801126452342,0.657842174229281,1.16343249697706,0.546288938911697
6,10,F1,2,0.0144285128074096,0.344338798687338,0.325015937111831,0.294041529529347,0.227025631728528,0.229774235749268
7,10,M1,1,0.223360683549964,0.459386204059155,0.864314763042712,0.536328232869457,1.30302153657919,0.637872244084201
8,10,M2,1,0.644437389970928,0.614190226008115,2.18958293227289,5.94158959681776,3.52761554671964,2.20019529487195
9,10,M1,1,0.486309264372536,0.3153020936853,1.13001896460659,3.17669568398762,4.09550684129303,1.34157436211367
10,10,M2,1,0.562898827657946,0.684295871282192,2.26573320254222,4.54656048978969,3.19904679472045,2.06643700859642
11,10,M2,1,0.504940261369368,0.480862507333798,1.92407530325669,4.40871746895222,3.52447679232964,1.87091979644024
12,10,F1,2,0.0850228981139692,0.2571622885335,0.25483768191353,0.266249233422573,0.271617569102239,0.296611125455847
13,10,F1,2,0.0534704183424991,0.591228309041355,0.510306259225146,0.688885466703985,0.739286241074037,0.566806992389084
14,10,M1,1,0.369840882528377,0.607450330156748,1.31219904345407,2.43923014336225,3.95549706228081,1.41246370890038
15,10,M2,1,0.595138182493212,0.444339527496283,2.10607657026557,3.26032701513085,2.65889490403577,1.51430858060621
16,10,F3,2,0.382782305521813,0.631189277699941,0.851699197103878,1.89559418084671,1.56045746983989,0.956823192318659
17,10,M1,1,0.555594950685864,0.450784231697094,1.68721214224329,2.33826913224787,3.75616975727857,2.16635634255614
18,10,F1,2,0.108626028440742,0.419969742354646,0.69584012839598,1.44978156994617,0.959739834280733,0.569572161544733
19,10,M3,1,0.426259428879284,0.394539303597382,1.0968915126512,2.99946504942265,3.25347236072628,1.60088875644988
20,10,M2,1,0.501491344452138,0.437236269843686,1.32025814589423,2.43852206508837,2.09330921827428,1.08725896561325
21,10,F3,2,0.33021668441417,1.1712278958277,0.53788987014435,0.697911932018006,1.01439503344279,0.902589017021805
22,10,F1,2,0.120539185447374,0.656837780457036,0.845415849385571,0.743426837336483,0.481358970214592,0.50906222385939
23,10,M2,1,0.458817110941086,0.466965877667509,1.4532508381989,3.8133164679954,2.88201083184211,1.16156900344375
24,10,F1,2,0.197077309094973,0.659480480220389,0.737343663066232,0.734834853539947,0.788148229544152,0.728641176149532
25,10,M2,1,0.2734375,0.296690297437019,0.432474568291951,0.922489789949379,0.742841102499635,0.528609640864743
26,10,F3,2,0.111028251520358,0.78333656852337,0.441242225298388,0.996372438412704,0.787931913795945,0.673787880226324
27,10,F1,2,0.368381552613259,0.994689676509568,0.740679481557482,1.09780266963386,0.846982355690449,0.735830053233153
28,10,M3,1,0.634544912072956,0.861425821066663,0.939289979564048,2.58953347191102,2.10662424816114,1.05371531219667
29,10,M2,1,0.315271623324106,0.265554278486152,0.491643494414276,0.938787689947795,1.56999576744915,0.645531966266675
30,10,F3,2,0.369335179188337,0.841763904003332,0.836856296213321,0.593569600990844,0.821373663623687,1.02932721409577
31,10,M1,1,0.400024540251914,2.13915396675275,2.06192548634385,2.10346838384521,1.601971475406,1.18019949178603
32,10,F1,2,0.273805985729267,0.304995783791706,0.372926842264081,0.438038255833196,0.72837045895021,0.679206036787145
33,10,M3,1,0.394938375350762,1.07458086760936,1.07416531880712,2.64379191405994,2.0321128406059,1.44763375788846
34,10,M2,1,0.186310993198439,0.30074676323854,0.212424125287597,0.633772784875669,0.871197818096644,0.408195901749591
35,10,M2,1,0.0738630663581564,0.419709370878982,0.241020954103353,0.283874053699209,0.337174419562425,0.300719839929304
36,10,F3,2,0.0644398135906402,0.782988957075223,0.869652999533184,0.867306318001132,1.38614099272959,1.10843226509155
37,10,F1,2,0.164894830561454,0.301278509694636,0.385032502740761,0.335179874196901,0.647581236487014,0.483329095486915
38,10,M3,1,0.303388917953496,1.37473884297789,1.57073994144237,3.12517062965529,2.95331683863265,2.54145253443505
39,10,M1,1,0.415993533893337,1.89202811311516,3.27789988980882,3.13348727739421,3.0575356668492,1.65267232580575
40,10,F1,2,0.0977811818714151,1.13607013004838,1.21409515760942,1.10478070431327,0.931307289510962,0.664133662767928
41,10,M2,1,0.035568633656562,0.336052866440352,0.236314993534691,0.278248012833112,0.304201155995897,0.441626937972469
42,10,F2,2,0.323662014514454,0.564185808866633,2.10221463480165,9.0192138701071,5.11486146861523,1.57801480364841
43,10,F1,2,0.19871535668529,0.591826966952509,0.759650249401344,1.17948510464371,0.726328162201785,0.647752512510402
44,10,M1,1,0.402060477140237,2.75116663057953,1.32389283908722,1.22380591118353,0.791147164717982,0.438596811963355
45,10,F2,2,0.0812040602030104,0.823611034879489,0.806669061321005,0.902117245899702,0.854553254054222,0.616293813651871
46,10,M4,1,0.51192759680333,0.604344571393399,1.83209815953597,5.08845067540576,3.96462060239005,2.34253080963022
47,10,M4,1,0.38607072061249,0.523178630810931,1.1730063203468,4.6731462926164,4.31416321524112,2.08846139158844
48,10,M4,1,0.310328218387238,0.749123785008678,1.21248670660109,1.81212312713591,3.46360247127472,1.3105340535568
49,10,M4,1,0.487743765455546,0.442852371789053,0.61206255166144,1.10323126902792,2.36926630010661,1.32052960265454
50,10,M4,1,0.291581139910416,0.751450969291627,0.529874523727907,1.04352280282823,1.08013910605611,0.415868141272172
51,10,M4,1,0.274396799651535,0.393232246412104,0.417004806696448,0.385278885225705,0.38439525359215,0.353241211932101
